"#","","Invio","Attenzione","Cod.","Diff.","Descrizione","Assort.","Cod.","Diff.","Marchio","Cons.","UMP","UMO","N.imb.","Pz x collo","Peso","Qta","O","Inviate","No ordine","OS attive","03/10","02/10","01/10","30/09","29/09","28/09","27/09","Disponibilita'","UM","Imballo","N.Imb.Strati","N.Strati","Costo","Vendita","Costo","Vendita","%ML","Corsia","N.Ordine host","Reparto","Liv.1","Liv.2","Liv.3","Liv.4","Merceologia"
"undefined","","true","","14.470,00","1,00","MINESTRONE RICETTA GHIOTTA 750G","I IN ASSORTIMENTO","","","Si","No","PZ","IC","2,00","8,00","","undefined","","0,00","0,00","0,00","","0 | 1","0 | 1","1 | 1","0 | 1","","","Si"," ","0,00","0,00","0,00","€ 1,32","€ 1,99","€ 21,12","€ 31,84","","","","SURGELATI","3,00","11,00","11,00","10,00","SURGELATI / GELATI-SURGELATI-VERDURE SURGELATE-MINESTRONE"
"undefined","","true","","22.706,00","1,00","MINESTRONE LEGGERO BONTA'ORTO 750G","I IN ASSORTIMENTO","","","Si","No","PZ","IC","1,00","12,00","","undefined","","0,00","0,00","0,00","","0 | 1","0 | 1","","0 | 1","0 | 1","0 | 1","Si"," ","0,00","0,00","0,00","€ 2,05","€ 2,99","€ 24,60","€ 35,88","","","","SURGELATI","3,00","11,00","11,00","10,00","SURGELATI / GELATI-SURGELATI-VERDURE SURGELATE-MINESTRONE"
"undefined","","true","","36.820,00","1,00","MINESTRONE RAPIDO PRONTO 7MIN.450G","I IN ASSORTIMENTO","","","No","No","PZ","IC","2,00","8,00","","undefined","","0,00","0,00","0,00","","0 | 1","0 | 1","0 | 1","","0 | 1","","Si"," ","0,00","0,00","0,00","€ 1,31","€ 1,79","€ 20,96","€ 28,64","","","","SURGELATI","3,00","11,00","11,00","10,00","SURGELATI / GELATI-SURGELATI-VERDURE SURGELATE-MINESTRONE"
"undefined","","true","","36.839,00","1,00","VELLUTATA DI ZUCCA E CAROTA 600G","I IN ASSORTIMENTO","","","No","No","PZ","IC","2,00","12,00","","undefined","","0,00","0,00","0,00","","0 | 1","0 | 1","1 | 1","0 | 1","0 | 1","","Si"," ","0,00","0,00","0,00","€ 1,50","€ 2,29","€ 36,00","€ 54,96","","","","SURGELATI","3,00","11,00","11,00","10,00","SURGELATI / GELATI-SURGELATI-VERDURE SURGELATE-MINESTRONE"
"undefined","","true","","36.839,00","2,00","VELLUTATA DI VERDURE  600G","I IN ASSORTIMENTO","","","No","No","PZ","IC","2,00","12,00","","undefined","","0,00","0,00","0,00","","0 | 1","0 | 1","0 | 1","0 | 1","0 | 1","","Si"," ","0,00","0,00","0,00","€ 1,43","€ 1,99","€ 34,32","€ 47,76","","","","SURGELATI","3,00","11,00","11,00","10,00","SURGELATI / GELATI-SURGELATI-VERDURE SURGELATE-MINESTRONE"
"undefined","","true","","18.022,00","1,00","PATATE A SPICCHIO PREFRITTE 1KG","I IN ASSORTIMENTO","","","Si","No","PZ","IC","1,00","10,00","","undefined","","0,00","0,00","0,00","","0 | 1","0 | 1","1 | 1","","","0 | 2","Si"," ","0,00","0,00","0,00","€ 1,32","€ 1,99","€ 13,20","€ 19,90","","","","SURGELATI","3,00","11,00","11,00","20,00","SURGELATI / GELATI-SURGELATI-VERDURE SURGELATE-PATATE FRITTE"
"undefined","","true","","18.424,00","1,00","PATATE STICK DA FORNO 1KG","I IN ASSORTIMENTO","","","Si","No","PZ","IC","1,00","10,00","","undefined","","0,00","0,00","0,00","","0 | 1","0 | 1","0 | 1","0 | 1","0 | 1","0 | 1","Si"," ","0,00","0,00","0,00","€ 1,58","€ 2,29","€ 15,80","€ 22,90","","","","SURGELATI","3,00","11,00","11,00","20,00","SURGELATI / GELATI-SURGELATI-VERDURE SURGELATE-PATATE FRITTE"
"undefined","","true","","24.797,00","1,00","PATATE A FETTE GR 600","I IN ASSORTIMENTO","","","Si","No","PZ","IC","1,00","10,00","","undefined","","0,00","0,00","0,00","","0 | 1","0 | 1","0 | 1","0 | 1","0 | 1","0 | 1","Si"," ","0,00","0,00","0,00","€ 0,96","€ 1,59","€ 9,60","€ 15,90","","","","SURGELATI","3,00","11,00","11,00","20,00","SURGELATI / GELATI-SURGELATI-VERDURE SURGELATE-PATATE FRITTE"
"undefined","","true","","25.793,00","1,00","PATATE SPICCHI CON BUCCIA 600G","I IN ASSORTIMENTO","","","Si","No","PZ","IC","1,00","10,00","","undefined","","0,00","0,00","0,00","","","0 | 1","","0 | 1","","0 | 1","Si"," ","0,00","0,00","0,00","€ 0,96","€ 1,79","€ 9,60","€ 17,90","","","","SURGELATI","3,00","11,00","11,00","20,00","SURGELATI / GELATI-SURGELATI-VERDURE SURGELATE-PATATE FRITTE"
"undefined","","true","","22.255,00","1,00","PATATE RUSTICHE PREFRITTE 1K","I IN ASSORTIMENTO","","","Si","No","PZ","IC","1,00","10,00","","undefined","","0,00","0,00","0,00","","0 | 1","0 | 1","1 | 1","0 | 1","0 | 1","0 | 1","Si"," ","0,00","0,00","0,00","€ 1,52","€ 1,99","€ 15,20","€ 19,90","","","","SURGELATI","3,00","11,00","11,00","20,00","SURGELATI / GELATI-SURGELATI-VERDURE SURGELATE-PATATE FRITTE"
"undefined","","true","","604,00","1,00","PISELLI FINI BUSTA 1KG","I IN ASSORTIMENTO","","","Si","No","PZ","IC","1,00","10,00","","undefined","","0,00","0,00","0,00","","0 | 1","0 | 1","1 | 1","0 | 1","0 | 1","0 | 1","Si"," ","0,00","0,00","0,00","€ 1,28","€ 1,79","€ 12,80","€ 17,90","","","","SURGELATI","3,00","11,00","11,00","30,00","SURGELATI / GELATI-SURGELATI-VERDURE SURGELATE-PISELLI"
"undefined","","true","","27.610,00","1,00","PISELLI FINISSIMI 1KG","I IN ASSORTIMENTO","","","Si","No","PZ","IC","1,00","9,00","","undefined","","0,00","0,00","0,00","","0 | 1","0 | 1","2 | 1","0 | 1","0 | 1","0 | 1","Si"," ","0,00","0,00","0,00","€ 1,90","€ 2,49","€ 17,10","€ 22,41","","","","SURGELATI","3,00","11,00","11,00","30,00","SURGELATI / GELATI-SURGELATI-VERDURE SURGELATE-PISELLI"
"undefined","","true","","11.535,00","1,00","ZUPPA DI LEGUMI E CEREALI 450G","I IN ASSORTIMENTO","","","Si","No","PZ","IC","1,00","8,00","","undefined","","0,00","0,00","0,00","","0 | 1","","0 | 1","","","","Si"," ","0,00","0,00","0,00","€ 0,95","€ 1,69","€ 7,60","€ 13,52","","","","SURGELATI","3,00","11,00","11,00","40,00","SURGELATI / GELATI-SURGELATI-VERDURE SURGELATE-ALTRE VERDURE"
"undefined","","true","","22.254,00","1,00","CAVOLFIORE A ROSETTE 600G","I IN ASSORTIMENTO","","","Si","No","PZ","IC","1,00","14,00","","undefined","","0,00","0,00","0,00","","","","0 | 1","0 | 1","0 | 1","","Si"," ","0,00","0,00","0,00","€ 1,30","€ 1,99","€ 18,20","€ 27,86","","","","SURGELATI","3,00","11,00","11,00","40,00","SURGELATI / GELATI-SURGELATI-VERDURE SURGELATE-ALTRE VERDURE"
"undefined","","true","","29.360,00","1,00","MIX DI CAVOLI E BROCCOLI 450G","I IN ASSORTIMENTO","","","Si","No","PZ","IC","1,00","15,00","","undefined","","0,00","0,00","0,00","","0 | 1","","","","","","Si"," ","0,00","0,00","0,00","€ 1,04","€ 1,59","€ 15,60","€ 23,85","","","","SURGELATI","3,00","11,00","11,00","40,00","SURGELATI / GELATI-SURGELATI-VERDURE SURGELATE-ALTRE VERDURE"
"undefined","","true","","33.966,00","1,00","FRIARIELLI IN CUBETTI 450G BONT.","I IN ASSORTIMENTO","","","No","No","PZ","IC","1,00","12,00","","undefined","","0,00","0,00","0,00","","0 | 1","","1 | 0","0 | 1","","0 | 1","Si"," ","0,00","0,00","0,00","€ 0,98","€ 1,59","€ 11,76","€ 19,08","","","","SURGELATI","3,00","11,00","11,00","40,00","SURGELATI / GELATI-SURGELATI-VERDURE SURGELATE-ALTRE VERDURE"
"undefined","","true","","593,00","1,00","MISTO FUNGHI 300G","I IN ASSORTIMENTO","","","Si","No","PZ","IC","1,00","8,00","","undefined","","0,00","0,00","0,00","","0 | 1","","1 | 0","","0 | 1","0 | 1","Si"," ","0,00","0,00","0,00","€ 1,04","€ 1,29","€ 8,32","€ 10,32","","","","SURGELATI","3,00","11,00","11,00","40,00","SURGELATI / GELATI-SURGELATI-VERDURE SURGELATE-ALTRE VERDURE"
"undefined","","true","","17.518,00","1,00","MISTO BOSCO C/PORCINI GR 1000","I IN ASSORTIMENTO","","","No","No","PZ","IC","1,00","10,00","","undefined","","0,00","0,00","0,00","","0 | 1","","1 | 1","0 | 1","0 | 1","0 | 1","Si"," ","0,00","0,00","0,00","€ 2,58","€ 3,99","€ 25,80","€ 39,90","","","","SURGELATI","3,00","11,00","11,00","40,00","SURGELATI / GELATI-SURGELATI-VERDURE SURGELATE-ALTRE VERDURE"
"undefined","","true","","26.074,00","1,00","MISTO FUNGHI TRIFOLATI 300G","I IN ASSORTIMENTO","","","Si","No","PZ","IC","1,00","18,00","","undefined","","0,00","0,00","0,00","","0 | 1","0 | 1","0 | 1","0 | 1","0 | 1","","Si"," ","0,00","0,00","0,00","€ 2,26","€ 3,69","€ 40,68","€ 66,42","","","","SURGELATI","3,00","11,00","11,00","40,00","SURGELATI / GELATI-SURGELATI-VERDURE SURGELATE-ALTRE VERDURE"
"undefined","","true","","20.874,00","1,00","FUNGHI CHAMPIGNON 100%ITALIANI 450G","I IN ASSORTIMENTO","","","Si","No","PZ","IC","1,00","14,00","","undefined","","0,00","0,00","0,00","","0 | 1","0 | 1","","0 | 1","0 | 1","0 | 1","Si"," ","0,00","0,00","0,00","€ 1,28","€ 1,99","€ 17,92","€ 27,86","","","","SURGELATI","3,00","11,00","11,00","40,00","SURGELATI / GELATI-SURGELATI-VERDURE SURGELATE-ALTRE VERDURE"
"undefined","","true","","606,00","1,00","SPINACI IN FOGLIA PORZIONATI 1KG","I IN ASSORTIMENTO","","","Si","No","PZ","IC","6,00","8,00","","undefined","","0,00","0,00","0,00","","0 | 2","0 | 2","3 | 1","0 | 2","0 | 1","0 | 1","Si"," ","0,00","0,00","0,00","€ 1,25","€ 1,85","€ 60,00","€ 88,80","","","","SURGELATI","3,00","11,00","11,00","40,00","SURGELATI / GELATI-SURGELATI-VERDURE SURGELATE-ALTRE VERDURE"
"undefined","","true","","1.515,00","1,00","BIETA IN FOGLIA PORZIONATA 1KG","I IN ASSORTIMENTO","","","Si","No","PZ","IC","1,00","7,00","","undefined","","0,00","0,00","0,00","","0 | 1","0 | 1","1 | 1","0 | 1","","0 | 1","Si","","0,00","0,00","0,00","€ 1,29","€ 1,99","€ 9,03","€ 13,93","","","","SURGELATI","3,00","11,00","11,00","40,00","SURGELATI / GELATI-SURGELATI-VERDURE SURGELATE-ALTRE VERDURE"
"undefined","","true","","8.490,00","1,00","SPINACI FOGLIA PER FOGLIA 450G","I IN ASSORTIMENTO","","","Si","No","PZ","IC","1,00","8,00","","undefined","","0,00","0,00","0,00","","0 | 1","0 | 1","1 | 0","0 | 1","","0 | 1","Si"," ","0,00","0,00","0,00","€ 1,04","€ 1,49","€ 8,32","€ 11,92","","","","SURGELATI","3,00","11,00","11,00","40,00","SURGELATI / GELATI-SURGELATI-VERDURE SURGELATE-ALTRE VERDURE"
"undefined","","true","","10.246,00","1,00","SPINACI FORMAGGIO/MOZZARELLA 450G","I IN ASSORTIMENTO","","","Si","No","PZ","IC","1,00","12,00","","undefined","","0,00","0,00","0,00","","0 | 1","0 | 1","0 | 1","0 | 1","","0 | 1","Si"," ","0,00","0,00","0,00","€ 1,74","€ 2,79","€ 20,88","€ 33,48","","","","SURGELATI","3,00","11,00","11,00","40,00","SURGELATI / GELATI-SURGELATI-VERDURE SURGELATE-ALTRE VERDURE"
"undefined","","true","","12.683,00","1,00","BIETA FOGLIA X FOGLIA 450G","I IN ASSORTIMENTO","","","Si","No","PZ","IC","1,00","8,00","","undefined","","0,00","0,00","0,00","","","0 | 1","","0 | 1","","","Si"," ","0,00","0,00","0,00","€ 1,10","€ 1,99","€ 8,80","€ 15,92","","","","SURGELATI","3,00","11,00","11,00","40,00","SURGELATI / GELATI-SURGELATI-VERDURE SURGELATE-ALTRE VERDURE"
"undefined","","true","","22.587,00","1,00","BROCCOLI A ROSETTE BONTA'ORTO 600G","I IN ASSORTIMENTO","","","Si","No","PZ","IC","1,00","10,00","","undefined","","0,00","0,00","0,00","","0 | 1","0 | 1","2 | 0","0 | 1","0 | 1","0 | 1","Si"," ","0,00","0,00","0,00","€ 1,28","€ 1,69","€ 12,80","€ 16,90","","","","SURGELATI","3,00","11,00","11,00","40,00","SURGELATI / GELATI-SURGELATI-VERDURE SURGELATE-ALTRE VERDURE"
"undefined","","true","","33.967,00","1,00","CARCIOFI A SPICCHI 450G BONTA DEL","I IN ASSORTIMENTO","","","No","No","PZ","IC","1,00","12,00","","undefined","","0,00","0,00","0,00","","0 | 1","0 | 1","0 | 1","0 | 1","","","Si"," ","0,00","0,00","0,00","€ 1,86","€ 2,89","€ 22,32","€ 34,68","","","","SURGELATI","3,00","11,00","11,00","40,00","SURGELATI / GELATI-SURGELATI-VERDURE SURGELATE-ALTRE VERDURE"
"undefined","","true","","765,00","1,00","FAGIOLINI INTERI FINISSIMI 1KG","I IN ASSORTIMENTO","","","Si","No","PZ","IC","1,00","10,00","","undefined","","0,00","0,00","0,00","","0 | 1","0 | 1","1 | 1","0 | 1","","0 | 1","Si"," ","0,00","0,00","0,00","€ 1,68","€ 2,39","€ 16,80","€ 23,90","","","","SURGELATI","3,00","11,00","11,00","40,00","SURGELATI / GELATI-SURGELATI-VERDURE SURGELATE-ALTRE VERDURE"
"undefined","","true","","5.890,00","1,00","FAGIOLI BORLOTTI 450G","I IN ASSORTIMENTO","","","Si","No","PZ","IC","1,00","8,00","","undefined","","0,00","0,00","0,00","","0 | 1","","","0 | 1","","","Si"," ","0,00","0,00","0,00","€ 0,99","€ 1,69","€ 7,92","€ 13,52","","","","SURGELATI","3,00","11,00","11,00","40,00","SURGELATI / GELATI-SURGELATI-VERDURE SURGELATE-ALTRE VERDURE"
"undefined","","true","","766,00","1,00","MELANZANE RONDELLE GRIGLIATE 450G","I IN ASSORTIMENTO","","","Si","No","PZ","IC","1,00","12,00","","undefined","","0,00","0,00","0,00","","","","","","","","Si"," ","0,00","0,00","0,00","€ 1,53","€ 2,19","€ 18,36","€ 26,28","","","","SURGELATI","3,00","11,00","11,00","40,00","SURGELATI / GELATI-SURGELATI-VERDURE SURGELATE-ALTRE VERDURE"
"undefined","","true","","10.562,00","1,00","ZUCCHINE A CUBETTI 450G","I IN ASSORTIMENTO","","","Si","No","PZ","IC","1,00","8,00","","undefined","","0,00","0,00","0,00","","","0 | 1","1 | 1","0 | 1","0 | 1","0 | 1","Si"," ","0,00","0,00","0,00","€ 1,03","€ 1,59","€ 8,24","€ 12,72","","","","SURGELATI","3,00","11,00","11,00","40,00","SURGELATI / GELATI-SURGELATI-VERDURE SURGELATE-ALTRE VERDURE"
"undefined","","true","","18.556,00","1,00","PURE'DI PATATE 600G","I IN ASSORTIMENTO","","","Si","No","PZ","IC","1,00","14,00","","undefined","","0,00","0,00","0,00","","0 | 1","0 | 1","","","0 | 1","","Si"," ","0,00","0,00","0,00","€ 1,33","€ 2,49","€ 18,62","€ 34,86","","","","SURGELATI","3,00","11,00","11,00","40,00","SURGELATI / GELATI-SURGELATI-VERDURE SURGELATE-ALTRE VERDURE"
"undefined","","true","","9.299,00","1,00","VERDURE PER SOFFRITTO 150G","I IN ASSORTIMENTO","","","Si","No","PZ","IC","1,00","12,00","","undefined","","0,00","0,00","0,00","","0 | 1","0 | 1","1 | 1","0 | 1","0 | 1","0 | 1","Si"," ","0,00","0,00","0,00","€ 0,45","€ 0,99","€ 5,40","€ 11,88","","","","SURGELATI","3,00","11,00","11,00","40,00","SURGELATI / GELATI-SURGELATI-VERDURE SURGELATE-ALTRE VERDURE"
"undefined","","true","","27.609,00","1,00","VERDURE PER SOFFRITTO 450G","I IN ASSORTIMENTO","","","No","No","PZ","IC","1,00","8,00","","undefined","","0,00","0,00","0,00","","0 | 1","0 | 1","2 | 1","0 | 1","0 | 1","","Si"," ","0,00","0,00","0,00","€ 0,95","€ 1,49","€ 7,60","€ 11,92","","","","SURGELATI","3,00","11,00","11,00","40,00","SURGELATI / GELATI-SURGELATI-VERDURE SURGELATE-ALTRE VERDURE"
"undefined","","true","","595,00","1,00","GAMBERETTI SGUSCIATI 330/300G","I IN ASSORTIMENTO","","","Si","No","PZ","IC","1,00","12,00","","undefined","","0,00","0,00","0,00","","0 | 1","0 | 1","0 | 1","","0 | 1","0 | 1","Si"," ","0,00","0,00","0,00","€ 2,40","€ 3,45","€ 28,80","€ 41,40","","","","SURGELATI","3,00","11,00","13,00","10,00","SURGELATI / GELATI-SURGELATI-PESCE SURGELATO-NATURALE"
"undefined","","true","","1.505,00","1,00","PESCE X SPAGHETTATA PESCARE'300G","I IN ASSORTIMENTO","","","Si","No","PZ","IC","1,00","12,00","","undefined","","0,00","0,00","0,00","","0 | 1","0 | 1","0 | 1","","","","Si"," ","0,00","0,00","0,00","€ 2,08","€ 2,99","€ 24,96","€ 35,88","","","","SURGELATI","3,00","11,00","13,00","10,00","SURGELATI / GELATI-SURGELATI-PESCE SURGELATO-NATURALE"
"undefined","","true","","11.179,00","1,00","FILETTO DI PANGASIO  800G","I IN ASSORTIMENTO","","","Si","No","PZ","IC","1,00","12,00","","undefined","","0,00","0,00","0,00","","","0 | 1","0 | 1","0 | 1","","0 | 1","Si"," ","0,00","0,00","0,00","€ 3,91","€ 5,99","€ 46,92","€ 71,88","","","","SURGELATI","3,00","11,00","13,00","10,00","SURGELATI / GELATI-SURGELATI-PESCE SURGELATO-NATURALE"
"undefined","","true","","14.306,00","1,00","GAMBERI ZUCCHINE C/POM.PESCARE'300G","I IN ASSORTIMENTO","","","Si","No","PZ","IC","1,00","10,00","","undefined","","0,00","0,00","0,00","","0 | 1","0 | 1","1 | 1","0 | 1","0 | 1","0 | 1","Si"," ","0,00","0,00","0,00","€ 1,92","€ 3,29","€ 19,20","€ 32,90","","","","SURGELATI","3,00","11,00","13,00","10,00","SURGELATI / GELATI-SURGELATI-PESCE SURGELATO-NATURALE"
"undefined","","true","","18.595,00","1,00","ZUPPA DI PESCE PESCARE 800G","I IN ASSORTIMENTO","","","Si","No","PZ","IC","1,00","6,00","","undefined","","0,00","0,00","0,00","","","0 | 1","","0 | 1","","0 | 1","Si"," ","0,00","0,00","0,00","€ 3,64","€ 5,59","€ 21,84","€ 33,54","","","","SURGELATI","3,00","11,00","13,00","10,00","SURGELATI / GELATI-SURGELATI-PESCE SURGELATO-NATURALE"
"undefined","","true","","26.090,00","1,00","FILETTI DI ORATA PESCARE' 400G","I IN ASSORTIMENTO","","","Si","No","PZ","IC","1,00","10,00","","undefined","","0,00","0,00","0,00","","","","0 | 1","","","","Si"," ","0,00","0,00","0,00","€ 6,10","€ 7,59","€ 61,00","€ 75,90","","","","SURGELATI","3,00","11,00","13,00","10,00","SURGELATI / GELATI-SURGELATI-PESCE SURGELATO-NATURALE"
"undefined","","true","","26.091,00","1,00","FILETTO DI BRANZINO PESCARE' 400G","I IN ASSORTIMENTO","","","Si","No","PZ","IC","1,00","10,00","","undefined","","0,00","0,00","0,00","","0 | 1","","0 | 1","","","","Si"," ","0,00","0,00","0,00","€ 5,16","€ 7,89","€ 51,60","€ 78,90","","","","SURGELATI","3,00","11,00","13,00","10,00","SURGELATI / GELATI-SURGELATI-PESCE SURGELATO-NATURALE"
"undefined","","true","","32.045,00","1,00","VONGOLE DEL PACIFICO C/GUSCIO 1K","I IN ASSORTIMENTO","","","Si","No","PZ","IC","1,00","10,00","","undefined","","0,00","0,00","0,00","","","0 | 1","0 | 1","","0 | 1","","Si"," ","0,00","0,00","0,00","€ 3,02","€ 4,99","€ 30,20","€ 49,90","","","","SURGELATI","3,00","11,00","13,00","10,00","SURGELATI / GELATI-SURGELATI-PESCE SURGELATO-NATURALE"
"undefined","","true","","33.193,00","1,00","FILETTI DI SALMONE SELVAGGIO 250G","I IN ASSORTIMENTO","","","Si","No","PZ","IC","1,00","20,00","","undefined","","0,00","0,00","0,00","","0 | 1","0 | 1","1 | 1","","","0 | 1","Si"," ","0,00","0,00","0,00","€ 2,59","€ 3,69","€ 51,80","€ 73,80","","","","SURGELATI","3,00","11,00","13,00","10,00","SURGELATI / GELATI-SURGELATI-PESCE SURGELATO-NATURALE"
"undefined","","true","","35.681,00","1,00","ANELLI CIUFFI CALAMARO PATAG. 400G","I IN ASSORTIMENTO","","","No","No","PZ","IC","1,00","10,00","","undefined","","0,00","0,00","0,00","","","","0 | 1","","","","Si"," ","0,00","0,00","0,00","€ 3,57","€ 5,59","€ 35,70","€ 55,90","","","","SURGELATI","3,00","11,00","13,00","10,00","SURGELATI / GELATI-SURGELATI-PESCE SURGELATO-NATURALE"
"undefined","","true","Si","1.044,00","1,00","COZZE SGUSCIATE PESCARE'250G","I IN ASSORTIMENTO","","","Si","No","PZ","IC","1,00","9,00","","undefined","","0,00","0,00","0,00","","0 | 1","0 | 1","1 | 1","","","0 | 1","No","","0,00","0,00","0,00","€ 1,40","€ 2,09","€ 12,60","€ 18,81","","","","SURGELATI","3,00","11,00","13,00","10,00","SURGELATI / GELATI-SURGELATI-PESCE SURGELATO-NATURALE"
"undefined","","true","","24.442,00","2,00","MEDAGLIONI DI SALMONE 2X80G","I IN ASSORTIMENTO","","","Si","No","PZ","IC","1,00","10,00","","undefined","","0,00","0,00","0,00","","","0 | 1","0 | 1","0 | 1","0 | 1","","Si"," ","0,00","0,00","0,00","€ 1,57","€ 2,49","€ 15,70","€ 24,90","","","","SURGELATI","3,00","11,00","13,00","20,00","SURGELATI / GELATI-SURGELATI-PESCE SURGELATO-PREPARATO"
"undefined","","true","","24.656,00","1,00","FISH BURGER 2X115G","I IN ASSORTIMENTO","","","No","No","PZ","IC","1,00","10,00","","undefined","","0,00","0,00","0,00","","","","","","","","Si"," ","0,00","0,00","0,00","€ 1,60","€ 2,59","€ 16,00","€ 25,90","","","","SURGELATI","3,00","11,00","13,00","20,00","SURGELATI / GELATI-SURGELATI-PESCE SURGELATO-PREPARATO"
"undefined","","true","","30.921,00","1,00","PAELLA DI MARE 600G","I IN ASSORTIMENTO","","","Si","No","PZ","IC","1,00","8,00","","undefined","","0,00","0,00","0,00","","","0 | 1","0 | 1","0 | 1","0 | 1","","Si"," ","0,00","0,00","0,00","€ 2,69","€ 3,99","€ 21,52","€ 31,92","","","","SURGELATI","3,00","11,00","13,00","20,00","SURGELATI / GELATI-SURGELATI-PESCE SURGELATO-PREPARATO"
"undefined","","true","","31.077,00","1,00","FIL.MERLUZZO GRATINATO LIM/PREZ.40","I IN ASSORTIMENTO","","","Si","No","PZ","IC","1,00","10,00","","undefined","","0,00","0,00","0,00","","","","0 | 1","","","","Si"," ","0,00","0,00","0,00","€ 2,39","€ 3,59","€ 23,90","€ 35,90","","","","SURGELATI","3,00","11,00","13,00","20,00","SURGELATI / GELATI-SURGELATI-PESCE SURGELATO-PREPARATO"
"undefined","","true","","31.078,00","1,00","FILETTO DI MERLUZZO CROCCANTE 400G","I IN ASSORTIMENTO","","","Si","No","PZ","IC","1,00","10,00","","undefined","","0,00","0,00","0,00","","","0 | 1","0 | 1","0 | 1","","","Si"," ","0,00","0,00","0,00","€ 2,40","€ 3,59","€ 24,00","€ 35,90","","","","SURGELATI","3,00","11,00","13,00","20,00","SURGELATI / GELATI-SURGELATI-PESCE SURGELATO-PREPARATO"
"undefined","","true","","32.966,00","1,00","POLPETTE MERLUZZO MEDITERRANEA 500G","I IN ASSORTIMENTO","","","Si","No","PZ","IC","1,00","9,00","","undefined","","0,00","0,00","0,00","","","0 | 1","0 | 1","0 | 1","","","Si"," ","0,00","0,00","0,00","€ 3,11","€ 4,79","€ 27,99","€ 43,11","","","","SURGELATI","3,00","11,00","13,00","20,00","SURGELATI / GELATI-SURGELATI-PESCE SURGELATO-PREPARATO"
"undefined","","true","","33.120,00","1,00","NUGGETS DI MERLUZZO GRATINATI 225G","I IN ASSORTIMENTO","","","Si","No","PZ","IC","1,00","12,00","","undefined","","0,00","0,00","0,00","","","","","","","","Si"," ","0,00","0,00","0,00","€ 1,72","€ 2,69","€ 20,64","€ 32,28","","","","SURGELATI","3,00","11,00","13,00","20,00","SURGELATI / GELATI-SURGELATI-PESCE SURGELATO-PREPARATO"
"undefined","","true","","33.224,00","1,00","ARROSTICINI DI TOTANO PANATI 280G","I IN ASSORTIMENTO","","","No","No","PZ","IC","1,00","12,00","","undefined","","0,00","0,00","0,00","","","0 | 1","","0 | 1","","","Si"," ","0,00","0,00","0,00","€ 3,00","€ 4,59","€ 36,00","€ 55,08","","","","SURGELATI","3,00","11,00","13,00","20,00","SURGELATI / GELATI-SURGELATI-PESCE SURGELATO-PREPARATO"
"undefined","","true","","585,00","1,00","5 COTOLETTE NASELLO PESCARE' 400G","I IN ASSORTIMENTO","","","Si","No","PZ","IC","1,00","10,00","","undefined","","0,00","0,00","0,00","","","","0 | 1","0 | 1","","","Si"," ","0,00","0,00","0,00","€ 2,39","€ 4,19","€ 23,90","€ 41,90","","","","SURGELATI","3,00","11,00","13,00","20,00","SURGELATI / GELATI-SURGELATI-PESCE SURGELATO-PREPARATO"
"undefined","","true","","26.230,00","1,00","ALICI DEL MEDITERRANEO PANATE 200G","I IN ASSORTIMENTO","","","Si","No","PZ","IC","1,00","8,00","","undefined","","0,00","0,00","0,00","","0 | 1","0 | 1","","","","","Si"," ","0,00","0,00","0,00","€ 1,88","€ 2,79","€ 15,04","€ 22,32","","","","SURGELATI","3,00","11,00","13,00","20,00","SURGELATI / GELATI-SURGELATI-PESCE SURGELATO-PREPARATO"
"undefined","","true","","609,00","1,00","BASTONCINI DI MERLUZZO 900G","I IN ASSORTIMENTO","","","Si","No","PZ","IC","1,00","5,00","","undefined","","0,00","0,00","0,00","","0 | 1","0 | 1","1 | 1","0 | 1","0 | 1","0 | 1","Si"," ","0,00","0,00","0,00","€ 2,99","€ 4,49","€ 14,95","€ 22,45","","","","SURGELATI","3,00","11,00","13,00","20,00","SURGELATI / GELATI-SURGELATI-PESCE SURGELATO-PREPARATO"
"undefined","","true","","31.079,00","1,00","18 BASTONCINI FILETTO MERLUZZO 450G","I IN ASSORTIMENTO","","","Si","No","PZ","IC","1,00","10,00","","undefined","","0,00","0,00","0,00","","","0 | 1","0 | 1","0 | 1","","","Si"," ","0,00","0,00","0,00","€ 2,36","€ 2,99","€ 23,60","€ 29,90","","","","SURGELATI","3,00","11,00","13,00","20,00","SURGELATI / GELATI-SURGELATI-PESCE SURGELATO-PREPARATO"
"undefined","","true","","9.376,00","1,00","CROCCHETTE PATATE ALLA ROMANA 500G","I IN ASSORTIMENTO","","","Si","No","PZ","IC","1,00","8,00","","undefined","","0,00","0,00","0,00","","","0 | 1","0 | 1","","0 | 1","","Si"," ","0,00","0,00","0,00","€ 1,81","€ 2,89","€ 14,48","€ 23,12","","","","SURGELATI","3,00","11,00","15,00","10,00","SURGELATI / GELATI-SURGELATI-ALTRI SURGELATI-SNACKS"
"undefined","","true","","13.597,00","1,00","MISTO OLIVE/CROCC/SUPPLI/ARANC 500G","I IN ASSORTIMENTO","","","Si","No","PZ","IC","1,00","8,00","","undefined","","0,00","0,00","0,00","","","0 | 1","0 | 1","0 | 1","","0 | 1","Si"," ","0,00","0,00","0,00","€ 2,34","€ 3,99","€ 18,72","€ 31,92","","","","SURGELATI","3,00","11,00","15,00","10,00","SURGELATI / GELATI-SURGELATI-ALTRI SURGELATI-SNACKS"
"undefined","","true","","26.468,00","1,00","SPEEDY POLLO STICK ORIGINAL 300G","I IN ASSORTIMENTO","","","Si","No","PZ","IC","1,00","12,00","","undefined","","0,00","0,00","0,00","","","","","","","","Si","","0,00","0,00","0,00","€ 1,95","€ 3,19","€ 23,40","€ 38,28","","","","SURGELATI","3,00","11,00","15,00","10,00","SURGELATI / GELATI-SURGELATI-ALTRI SURGELATI-SNACKS"
"undefined","","true","","28.021,00","1,00","PANZEROTTO ALLA PUGLIESE 250G","I IN ASSORTIMENTO","","","No","No","PZ","IC","1,00","6,00","","undefined","","0,00","0,00","0,00","","","0 | 1","","0 | 1","","","Si"," ","0,00","0,00","0,00","€ 1,50","€ 2,35","€ 9,00","€ 14,10","","","","SURGELATI","3,00","11,00","15,00","10,00","SURGELATI / GELATI-SURGELATI-ALTRI SURGELATI-SNACKS"
"undefined","","true","","32.528,00","1,00","MOZZARELLA IN CARROZZA 4X50G","I IN ASSORTIMENTO","","","Si","No","PZ","IC","1,00","10,00","","undefined","","0,00","0,00","0,00","","","","0 | 1","","","0 | 1","Si"," ","0,00","0,00","0,00","€ 1,59","€ 2,69","€ 15,90","€ 26,90","","","","SURGELATI","3,00","11,00","15,00","10,00","SURGELATI / GELATI-SURGELATI-ALTRI SURGELATI-SNACKS"
"undefined","","true","","15.758,00","1,00","BOCCONCINI MOZZARELLA PANATI 300G","I IN ASSORTIMENTO","","","Si","No","PZ","IC","1,00","16,00","","undefined","","0,00","0,00","0,00","","0 | 1","0 | 1","","","0 | 1","0 | 1","Si","","0,00","0,00","0,00","€ 1,63","€ 2,49","€ 26,08","€ 39,84","","","","SURGELATI","3,00","11,00","15,00","10,00","SURGELATI / GELATI-SURGELATI-ALTRI SURGELATI-SNACKS"
"undefined","","true","","22.076,00","1,00","MISTO FRUTTI DI BOSCO 300G","I IN ASSORTIMENTO","","","No","No","PZ","IC","1,00","16,00","","undefined","","0,00","0,00","0,00","","","","","0 | 1","","0 | 1","Si"," ","0,00","0,00","0,00","€ 1,80","€ 2,89","€ 28,80","€ 46,24","","","","SURGELATI","3,00","11,00","15,00","10,00","SURGELATI / GELATI-SURGELATI-ALTRI SURGELATI-SNACKS"
"undefined","","true","","2.359,00","1,00","PIZZA MARGHERITA CUCINO IO 3PZ 960G","I IN ASSORTIMENTO","","","Si","No","PZ","IC","1,00","4,00","","undefined","","0,00","0,00","0,00","","0 | 1","0 | 2","1 | 0","","0 | 1","0 | 1","Si"," ","0,00","0,00","0,00","€ 2,61","€ 3,99","€ 10,44","€ 15,96","","","","SURGELATI","3,00","11,00","15,00","20,00","SURGELATI / GELATI-SURGELATI-ALTRI SURGELATI-PIZZE"
"undefined","","true","","18.046,00","1,00","PIZZA ALLA DIAVOLA CUCINO IO 315G","I IN ASSORTIMENTO","","","Si","No","PZ","IC","1,00","7,00","","undefined","","0,00","0,00","0,00","","","0 | 1","","","0 | 1","0 | 1","Si"," ","0,00","0,00","0,00","€ 1,94","€ 3,09","€ 13,58","€ 21,63","","","","SURGELATI","3,00","11,00","15,00","20,00","SURGELATI / GELATI-SURGELATI-ALTRI SURGELATI-PIZZE"
"undefined","","true","","18.380,00","1,00","PIZZA FUNGHI BOSCO AL TAGLIERE 215G","I IN ASSORTIMENTO","","","Si","No","PZ","IC","1,00","12,00","","undefined","","0,00","0,00","0,00","","","","0 | 1","0 | 1","0 | 1","0 | 1","Si"," ","0,00","0,00","0,00","€ 1,61","€ 2,69","€ 19,32","€ 32,28","","","","SURGELATI","3,00","11,00","15,00","20,00","SURGELATI / GELATI-SURGELATI-ALTRI SURGELATI-PIZZE"
"undefined","","true","","25.437,00","1,00","PIZZA MARGHERITA 300G","I IN ASSORTIMENTO","","","No","No","PZ","IC","1,00","10,00","","undefined","","0,00","0,00","0,00","","0 | 1","0 | 1","","0 | 1","","0 | 1","Si"," ","0,00","0,00","0,00","€ 1,06","€ 1,69","€ 10,60","€ 16,90","","","","SURGELATI","3,00","11,00","15,00","20,00","SURGELATI / GELATI-SURGELATI-ALTRI SURGELATI-PIZZE"
"undefined","","true","","26.868,00","1,00","PIZZETTE MARGHERITA 4X80G","I IN ASSORTIMENTO","","","Si","No","PZ","IC","1,00","8,00","","undefined","","0,00","0,00","0,00","","0 | 1","","0 | 1","","0 | 1","0 | 1","Si"," ","0,00","0,00","0,00","€ 1,67","€ 2,69","€ 13,36","€ 21,52","","","","SURGELATI","3,00","11,00","15,00","20,00","SURGELATI / GELATI-SURGELATI-ALTRI SURGELATI-PIZZE"
"undefined","","true","","29.386,00","1,00","PIZZA MARGHERITA 26X38 485G","I IN ASSORTIMENTO","","","Si","No","PZ","IC","1,00","8,00","","undefined","","0,00","0,00","0,00","","","0 | 1","","0 | 1","0 | 1","0 | 1","Si"," ","0,00","0,00","0,00","€ 2,66","€ 4,39","€ 21,28","€ 35,12","","","","SURGELATI","3,00","11,00","15,00","20,00","SURGELATI / GELATI-SURGELATI-ALTRI SURGELATI-PIZZE"
"undefined","","true","","35.621,00","1,00","PIZZA SALAMINO/PROVOLONE 26X38 535G","I IN ASSORTIMENTO","","","Si","No","PZ","IC","1,00","8,00","","undefined","","0,00","0,00","0,00","","","0 | 1","0 | 1","0 | 1","0 | 1","","Si"," ","0,00","0,00","0,00","€ 2,94","€ 4,69","€ 23,52","€ 37,52","","","","SURGELATI","3,00","11,00","15,00","20,00","SURGELATI / GELATI-SURGELATI-ALTRI SURGELATI-PIZZE"
"undefined","","true","","22.200,00","1,00","BUCATINI ALL'AMATRICIANA 500G","I IN ASSORTIMENTO","","","Si","No","PZ","IC","1,00","10,00","","undefined","","0,00","0,00","0,00","","","","0 | 1","","","","Si"," ","0,00","0,00","0,00","€ 2,16","€ 2,99","€ 21,60","€ 29,90","","","","SURGELATI","3,00","11,00","15,00","30,00","SURGELATI / GELATI-SURGELATI-ALTRI SURGELATI-ALTRI SURGELATI"
"undefined","","true","","22.201,00","1,00","SPAGHETTI ALLA CARBONARA  500G","I IN ASSORTIMENTO","","","Si","No","PZ","IC","1,00","10,00","","undefined","","0,00","0,00","0,00","","0 | 1","","","","","0 | 1","Si"," ","0,00","0,00","0,00","€ 2,16","€ 2,99","€ 21,60","€ 29,90","","","","SURGELATI","3,00","11,00","15,00","30,00","SURGELATI / GELATI-SURGELATI-ALTRI SURGELATI-ALTRI SURGELATI"
"undefined","","true","","28.897,00","1,00","PANCIOTTELLI ALLA PIZZAIOLA 250G","I IN ASSORTIMENTO","","","Si","No","PZ","IC","1,00","8,00","","undefined","","0,00","0,00","0,00","","0 | 1","0 | 1","1 | 1","0 | 1","0 | 1","0 | 1","Si"," ","0,00","0,00","0,00","€ 0,90","€ 1,35","€ 7,20","€ 10,80","","","","SURGELATI","3,00","11,00","15,00","30,00","SURGELATI / GELATI-SURGELATI-ALTRI SURGELATI-ALTRI SURGELATI"
"undefined","","true","","28.897,00","2,00","PANCIOTTELLI PROSC.FORMAGGIO 250G","I IN ASSORTIMENTO","","","Si","No","PZ","IC","1,00","8,00","","undefined","","0,00","0,00","0,00","","0 | 1","0 | 1","1 | 1","0 | 1","0 | 1","0 | 1","Si"," ","0,00","0,00","0,00","€ 0,90","€ 1,35","€ 7,20","€ 10,80","","","","SURGELATI","3,00","11,00","15,00","30,00","SURGELATI / GELATI-SURGELATI-ALTRI SURGELATI-ALTRI SURGELATI"
"undefined","","true","","28.897,00","4,00","PANCIOTTELLI SPINACI/MOZZAR.250G","I IN ASSORTIMENTO","","","Si","No","PZ","IC","1,00","8,00","","undefined","","0,00","0,00","0,00","","","0 | 1","1 | 1","0 | 1","0 | 1","","Si"," ","0,00","0,00","0,00","€ 0,89","€ 1,25","€ 7,12","€ 10,00","","","","SURGELATI","3,00","11,00","15,00","30,00","SURGELATI / GELATI-SURGELATI-ALTRI SURGELATI-ALTRI SURGELATI"
"undefined","","true","","30.345,00","1,00","GHIACCIO ALIMENTARE CUBETTO 2K","I IN ASSORTIMENTO","","","Si","No","PZ","IC","3,00","6,00","","undefined","","0,00","0,00","0,00","","0 | 1","","2 | 1","0 | 1","0 | 2","0 | 1","Si"," ","0,00","0,00","0,00","€ 0,98","€ 1,99","€ 17,64","€ 35,82","","","","SURGELATI","3,00","11,00","15,00","30,00","SURGELATI / GELATI-SURGELATI-ALTRI SURGELATI-ALTRI SURGELATI"
"undefined","","true","","32.052,00","1,00","CORNETTO CLASSICO VUOTO 4PZ 280G","I IN ASSORTIMENTO","","","Si","No","PZ","IC","1,00","6,00","","undefined","","0,00","0,00","0,00","","","","1 | 1","","0 | 1","0 | 1","Si"," ","0,00","0,00","0,00","€ 1,61","€ 2,59","€ 9,66","€ 15,54","","","","SURGELATI","3,00","11,00","15,00","30,00","SURGELATI / GELATI-SURGELATI-ALTRI SURGELATI-ALTRI SURGELATI"
"undefined","","true","","32.519,00","1,00","FILETTI DI POLLO KENTUCKY SPICY 250","I IN ASSORTIMENTO","","","No","No","PZ","IC","1,00","15,00","","undefined","","0,00","0,00","0,00","","0 | 1","0 | 1","","","0 | 1","","Si"," ","0,00","0,00","0,00","€ 1,94","€ 2,99","€ 29,10","€ 44,85","","","","SURGELATI","3,00","11,00","15,00","30,00","SURGELATI / GELATI-SURGELATI-ALTRI SURGELATI-ALTRI SURGELATI"
"undefined","","true","","35.854,00","1,00","NUTELLA CROISSANT 4X85G","I IN ASSORTIMENTO","","","Si","No","PZ","IC","1,00","12,00","","undefined","","0,00","0,00","0,00","","","0 | 1","","","","0 | 1","Si"," ","0,00","0,00","0,00","€ 2,60","€ 3,99","€ 31,20","€ 47,88","","","","SURGELATI","3,00","11,00","15,00","30,00","SURGELATI / GELATI-SURGELATI-ALTRI SURGELATI-ALTRI SURGELATI"
"undefined","","true","","12.654,00","2,00","GRAN SUGO AI FRUTTI DI MARE  300G","I IN ASSORTIMENTO","","","Si","No","PZ","IC","1,00","10,00","","undefined","","0,00","0,00","0,00","","","0 | 1","0 | 1","0 | 1","0 | 1","0 | 1","Si"," ","0,00","0,00","0,00","€ 1,85","€ 2,79","€ 18,50","€ 27,90","","","","SURGELATI","3,00","11,00","15,00","30,00","SURGELATI / GELATI-SURGELATI-ALTRI SURGELATI-ALTRI SURGELATI"
"undefined","","true","","12.654,00","3,00","GRAN SUGO ALLO SCOGLIO  300G","I IN ASSORTIMENTO","","","Si","No","PZ","IC","1,00","10,00","","undefined","","0,00","0,00","0,00","","0 | 1","","0 | 1","","0 | 1","0 | 1","Si"," ","0,00","0,00","0,00","€ 1,85","€ 2,79","€ 18,50","€ 27,90","","","","SURGELATI","3,00","11,00","15,00","30,00","SURGELATI / GELATI-SURGELATI-ALTRI SURGELATI-ALTRI SURGELATI"
"undefined","","true","","12.654,00","5,00","GRAN SUGO AI GAMBERI 250G","I IN ASSORTIMENTO","","","Si","No","PZ","IC","1,00","10,00","","undefined","","0,00","0,00","0,00","","","","0 | 1","","","","Si"," ","0,00","0,00","0,00","€ 1,85","€ 2,79","€ 18,50","€ 27,90","","","","SURGELATI","3,00","11,00","15,00","30,00","SURGELATI / GELATI-SURGELATI-ALTRI SURGELATI-ALTRI SURGELATI"
"undefined","","true","","12.654,00","6,00","GRAN SUGO SCOGLIO C/POMOD.300G","I IN ASSORTIMENTO","","","Si","No","PZ","IC","1,00","10,00","","undefined","","0,00","0,00","0,00","","0 | 1","","0 | 1","","0 | 1","0 | 1","Si"," ","0,00","0,00","0,00","€ 1,85","€ 2,79","€ 18,50","€ 27,90","","","","SURGELATI","3,00","11,00","15,00","30,00","SURGELATI / GELATI-SURGELATI-ALTRI SURGELATI-ALTRI SURGELATI"
"undefined","","true","","37.582,00","1,00","GHIOZA DI GAMBERI 300G","I IN ASSORTIMENTO","","","No","No","PZ","IC","1,00","6,00","","undefined","","0,00","0,00","0,00","","","","0 | 1","","","0 | 1","Si"," ","0,00","0,00","0,00","€ 3,18","€ 4,99","€ 19,08","€ 29,94","","","","SURGELATI","3,00","12,00","12,00","1,00","SURGELATI / GELATI-LINEA SURGELATI ETNICI-LINEA SURGELATI ETNICI-LINEA SURGELATI ETNICI"
"undefined","","true","","1.374,00","1,00","8 SANDWICH LOVING 400G","I IN ASSORTIMENTO","","","Si","No","PZ","IC","1,00","8,00","","undefined","","0,00","0,00","0,00","","0 | 1","0 | 1","1 | 1","0 | 1","","","Si"," ","0,00","0,00","0,00","€ 1,80","€ 2,89","€ 14,40","€ 23,12","","","","SURGELATI","3,00","21,00","11,00","10,00","SURGELATI / GELATI-GELATI-GELATI-MULTIPACK"
"undefined","","true","","13.554,00","1,00","6 GRANCONO MIX LOVING 450G","I IN ASSORTIMENTO","","","Si","No","PZ","IC","1,00","6,00","","undefined","","0,00","0,00","0,00","","","","0 | 1","","0 | 1","0 | 1","Si"," ","0,00","0,00","0,00","€ 2,43","€ 3,79","€ 14,58","€ 22,74","","","","SURGELATI","3,00","21,00","11,00","10,00","SURGELATI / GELATI-GELATI-GELATI-MULTIPACK"
"undefined","","true","","24.402,00","2,00","6 CONI PANNA VAR.AMARENA 450G LOVIN","I IN ASSORTIMENTO","","","Si","No","PZ","IC","1,00","6,00","","undefined","","0,00","0,00","0,00","","0 | 1","0 | 1","","0 | 1","0 | 1","","Si","","0,00","0,00","0,00","€ 2,33","€ 3,49","€ 13,98","€ 20,94","","","","SURGELATI","3,00","21,00","11,00","10,00","SURGELATI / GELATI-GELATI-GELATI-MULTIPACK"
"undefined","","true","","27.627,00","1,00","GELATO GRAN RIPIENO MIX 6PZ 360G","I IN ASSORTIMENTO","","","Si","No","PZ","IC","1,00","6,00","","undefined","","0,00","0,00","0,00","","","0 | 1","0 | 1","","","0 | 1","Si"," ","0,00","0,00","0,00","€ 2,98","€ 4,69","€ 17,88","€ 28,14","","","","SURGELATI","3,00","21,00","11,00","10,00","SURGELATI / GELATI-GELATI-GELATI-MULTIPACK"
"undefined","","true","","30.728,00","1,00","4 STECCHI MIX YOGURT GRECO 280G","I IN ASSORTIMENTO","","","Si","No","PZ","IC","1,00","10,00","","undefined","","0,00","0,00","0,00","","","","0 | 1","","0 | 1","0 | 1","Si"," ","0,00","0,00","0,00","€ 2,32","€ 3,89","€ 23,20","€ 38,90","","","","SURGELATI","3,00","21,00","11,00","10,00","SURGELATI / GELATI-GELATI-GELATI-MULTIPACK"
"undefined","","true","","32.499,00","1,00","6 CONI PANNA GR 450 LOVING ORO","I IN ASSORTIMENTO","","","No","No","PZ","IC","1,00","6,00","","undefined","","0,00","0,00","0,00","","0 | 1","","2 | 1","0 | 1","","0 | 1","Si"," ","0,00","0,00","0,00","€ 2,23","€ 2,99","€ 13,38","€ 17,94","","","","SURGELATI","3,00","21,00","11,00","10,00","SURGELATI / GELATI-GELATI-GELATI-MULTIPACK"
"undefined","","true","","32.500,00","1,00","6 CONI PANNA GR 420 LOVING","I IN ASSORTIMENTO","","","No","No","PZ","IC","1,00","6,00","","undefined","","0,00","0,00","0,00","","0 | 1","0 | 1","1 | 1","0 | 1","0 | 1","0 | 1","Si"," ","0,00","0,00","0,00","€ 1,87","€ 2,69","€ 11,22","€ 16,14","","","","SURGELATI","3,00","21,00","11,00","10,00","SURGELATI / GELATI-GELATI-GELATI-MULTIPACK"
"undefined","","true","","35.559,00","1,00","6 CONI CAFFE' 450G","I IN ASSORTIMENTO","","","No","No","PZ","IC","1,00","6,00","","undefined","","0,00","0,00","0,00","","0 | 1","0 | 1","1 | 1","","","","Si"," ","0,00","0,00","0,00","€ 2,15","€ 2,75","€ 12,90","€ 16,50","","","","SURGELATI","3,00","21,00","11,00","10,00","SURGELATI / GELATI-GELATI-GELATI-MULTIPACK"
"undefined","","true","","35.560,00","2,00","4 STECCHI PISTACCHIO CIOC/B.CO 260","I IN ASSORTIMENTO","","","No","No","PZ","IC","1,00","6,00","","undefined","","0,00","0,00","0,00","","","","0 | 1","","","0 | 1","Si"," ","0,00","0,00","0,00","€ 2,35","€ 3,49","€ 14,10","€ 20,94","","","","SURGELATI","3,00","21,00","11,00","10,00","SURGELATI / GELATI-GELATI-GELATI-MULTIPACK"
"undefined","","true","","1.375,00","7,00","VASCH.CREMA LOVING 500G","I IN ASSORTIMENTO","","","Si","No","PZ","IC","1,00","6,00","","undefined","","0,00","0,00","0,00","","","","","","","0 | 1","Si"," ","0,00","0,00","0,00","€ 1,75","€ 2,79","€ 10,50","€ 16,74","","","","SURGELATI","3,00","21,00","11,00","20,00","SURGELATI / GELATI-GELATI-GELATI-VASCHETTA"
"undefined","","true","","12.167,00","2,00","VASCHETTA TRIPLO CIOCC.ADS 200G","I IN ASSORTIMENTO","","","Si","No","PZ","IC","1,00","8,00","","undefined","","0,00","0,00","0,00","","0 | 1","0 | 1","0 | 1","","","0 | 1","Si"," ","0,00","0,00","0,00","€ 0,89","€ 1,49","€ 7,12","€ 11,92","","","","SURGELATI","3,00","21,00","11,00","20,00","SURGELATI / GELATI-GELATI-GELATI-VASCHETTA"
"undefined","","true","","12.167,00","4,00","VASCHETTA SPAGNOLA LOVING 200G","I IN ASSORTIMENTO","","","Si","No","PZ","IC","1,00","8,00","","undefined","","0,00","0,00","0,00","","","0 | 1","","","","","Si"," ","0,00","0,00","0,00","€ 1,00","€ 1,69","€ 8,00","€ 13,52","","","","SURGELATI","3,00","21,00","11,00","20,00","SURGELATI / GELATI-GELATI-GELATI-VASCHETTA"
"undefined","","true","","27.488,00","5,00","GELATO YOGURT GRECO C/NOCCIOLA 320G","I IN ASSORTIMENTO","","","No","No","PZ","IC","1,00","8,00","","undefined","","0,00","0,00","0,00","","","","0 | 1","","","","Si"," ","0,00","0,00","0,00","€ 1,79","€ 2,99","€ 14,32","€ 23,92","","","","SURGELATI","3,00","21,00","11,00","20,00","SURGELATI / GELATI-GELATI-GELATI-VASCHETTA"
"undefined","","true","","18.268,00","3,00","VASCHETTA SPAGNOLA 500G","I IN ASSORTIMENTO","","","Si","No","PZ","IC","1,00","6,00","","undefined","","0,00","0,00","0,00","","","","0 | 1","0 | 1","","0 | 1","Si"," ","0,00","0,00","0,00","€ 1,82","€ 2,79","€ 10,92","€ 16,74","","","","SURGELATI","3,00","21,00","11,00","20,00","SURGELATI / GELATI-GELATI-GELATI-VASCHETTA"
"undefined","","true","","18.268,00","4,00","VASCHETTA AFFOG. CAFFE' 500G","I IN ASSORTIMENTO","","","Si","No","PZ","IC","1,00","6,00","","undefined","","0,00","0,00","0,00","","0 | 1","","0 | 1","","","","Si"," ","0,00","0,00","0,00","€ 1,82","€ 2,79","€ 10,92","€ 16,74","","","","SURGELATI","3,00","21,00","11,00","20,00","SURGELATI / GELATI-GELATI-GELATI-VASCHETTA"
"undefined","","true","","18.268,00","6,00","VASCHETTA AFFOG. AL CACAO 500G","I IN ASSORTIMENTO","","","Si","No","PZ","IC","1,00","6,00","","undefined","","0,00","0,00","0,00","","","0 | 1","0 | 1","","","0 | 1","Si"," ","0,00","0,00","0,00","€ 1,82","€ 2,79","€ 10,92","€ 16,74","","","","SURGELATI","3,00","21,00","11,00","20,00","SURGELATI / GELATI-GELATI-GELATI-VASCHETTA"
"undefined","","true","","11.487,00","1,00","TARTUFO BIANCO LOVING  2X80G","I IN ASSORTIMENTO","","","Si","No","PZ","IC","1,00","6,00","","undefined","","0,00","0,00","0,00","","0 | 1","","0 | 1","0 | 1","0 | 1","0 | 1","Si","","0,00","0,00","0,00","€ 1,45","€ 1,99","€ 8,70","€ 11,94","","","","SURGELATI","3,00","21,00","11,00","20,00","SURGELATI / GELATI-GELATI-GELATI-VASCHETTA"
"undefined","","true","","31.613,00","1,00","PASSATO DI VERDURE BIO 550G","I IN ASSORTIMENTO","","","Si","No","PZ","IC","1,00","12,00","","undefined","","0,00","0,00","0,00","","","0 | 1","","0 | 1","","","Si"," ","0,00","0,00","0,00","€ 2,05","€ 3,29","€ 24,60","€ 39,48","","","","SURGELATI","3,00","31,00","31,00","10,00","SURGELATI / GELATI-LINEA BIOLOGICA SURGELATI-LINEA BIOLOGICA SURGELATI-LINEA BIOLOGICA SURGELATI"
"undefined","","true","","32.300,00","2,00","GELATO PROTEIN GO FIT VANIGLIA 300","I IN ASSORTIMENTO","","","Si","No","PZ","IC","1,00","8,00","","undefined","","0,00","0,00","0,00","","","","","","","","Si"," ","0,00","0,00","0,00","€ 2,25","€ 3,79","€ 18,00","€ 30,32","","","","SURGELATI","3,00","41,00","41,00","10,00","SURGELATI / GELATI-LINEA SALUTISTICA SURGELATI-LINEA SALUTISTICA SURGELATI-LINEA SALUTISTICA SURGELATI"
"undefined","","true","","37.780,00","3,00","GELATO NOCCIOLA S/LATTOSIO 250G","I IN ASSORTIMENTO","","","No","No","PZ","IC","1,00","8,00","","undefined","","0,00","0,00","0,00","","","","","","","","Si","","0,00","0,00","0,00","€ 1,95","€ 2,99","€ 15,60","€ 23,92","","","","SURGELATI","3,00","41,00","41,00","10,00","SURGELATI / GELATI-LINEA SALUTISTICA SURGELATI-LINEA SALUTISTICA SURGELATI-LINEA SALUTISTICA SURGELATI"
"","","","","","","","","","","","","","","Sum: 116","","","","","","","","","","","","","","","","","","","","","","Tot: € 2.018,25","Tot: € 3.091,48","","","","","","","","",""